Text,Image URL,Tags,Posting Time
"Friday feels different. Hope everyone has a good weekend coming up.",,,2026-01-30 06:00
"Started my morning with coffee before the sun came up. Those quiet minutes hit different.",,,2026-01-30 07:30
"Why does it feel like everyone decided to start their resolutions on the same day? The gym is packed.",,,2026-01-30 08:45
"Just discovered a podcast that explains things I thought I'd never understand.",,,2026-01-30 10:00
"Taking breaks is actually productive. Fight me.",,,2026-01-30 11:30
"Lunch thoughts: meal prepping on Sunday makes weekday me very happy.",,,2026-01-30 12:30
"Finally figured out a problem I've been stuck on for days.",,,2026-01-30 14:00
"Randomly ran into someone I haven't seen in years. Small towns are wild.",,,2026-01-30 15:30
"Checked something off my bucket list today. Not sharing details yet.",,,2026-01-30 16:30
"Weather has no idea what it's doing this week.",,,2026-01-30 17:45
